{
  "roles": [
    {
      "idRol": 1,
      "nombre": "usuario",
      "usuarios": []
    },
    {
      "idRol": 2,
      "nombre": "medico",
      "usuarios": []
    },
    {
      "idRol": 3,
      "nombre": "admin",
      "usuarios": []
    }
  ],
  "categorias": [
    {
      "idCategoria": 1,
      "nombre": "Cardiología",
      "medicos": [
        {
          "idUsuario": 458,
          "dni": "1021123245",
          "nombre": "Monica",
          "apellido": "Garcia",
          "email": "moni@gmail.com",
          "telefono": "3121234504",
          "contrasenia": "789",
          "idRol": 2,
          "administradores": [],
          "idRolNavigation": null,
          "medicos": [],
          "pacientes": []
        },
        {
          "idUsuario": 789,
          "dni": "1282342344",
          "nombre": "Ronaldinho",
          "apellido": "Castro",
          "email": "roni@gmail.com",
          "telefono": "3123123123",
          "contrasenia": "lop",
          "idRol": 2,
          "administradores": [],
          "idRolNavigation": null,
          "medicos": [],
          "pacientes": []
        },
        {
          "idUsuario": 686,
          "dni": "7546876877",
          "nombre": "Damian",
          "apellido": "De Luca",
          "email": "dl@gmail.com",
          "telefono": "15572345",
          "contrasenia": "1678",
          "idRol": 2,
          "administradores": [],
          "idRolNavigation": null,
          "medicos": [],
          "pacientes": []
        }
      ]
    },
    {
      "idCategoria": 2,
      "nombre": "Dermatología",
      "medicos": [
        {
          "idUsuario": 6858,
          "dni": "1021123245",
          "nombre": "Mario",
          "apellido": "Gonzalez",
          "email": "ma@gmail.com",
          "telefono": "3121234504",
          "contrasenia": "mario",
          "idRol": 2,
          "administradores": [],
          "idRolNavigation": null,
          "medicos": [],
          "pacientes": []
        },
        {
          "idUsuario": 99789,
          "dni": "1282342344",
          "nombre": "Leandro",
          "apellido": "Caceres",
          "email": "lean@gmail.com",
          "telefono": "3123123123",
          "contrasenia": "78",
          "idRol": 2,
          "administradores": [],
          "idRolNavigation": null,
          "medicos": [],
          "pacientes": []
        }
      ]
    },
    {
      "idCategoria": 3,
      "nombre": "Ginecología",
      "medicos": [
        {
          "idUsuario": 1414,
          "dni": "1282342344",
          "nombre": "Rosalia",
          "apellido": "Camaño",
          "email": "roca@gmail.com",
          "telefono": "78712383",
          "contrasenia": "987",
          "idRol": 2,
          "administradores": [],
          "idRolNavigation": null,
          "medicos": [],
          "pacientes": []
        },
        {
          "idUsuario": 686,
          "dni": "12127",
          "nombre": "Karina",
          "apellido": "Milei",
          "email": "dl@gmail.com",
          "telefono": "166645",
          "contrasenia": "12345678",
          "idRol": 2,
          "administradores": [],
          "idRolNavigation": null,
          "medicos": [],
          "pacientes": []
        }
      ]
    },
    {
      "idCategoria": 4,
      "nombre": "Neurología",
      "medicos": [
        {
          "idUsuario": 23654,
          "dni": "1282342344",
          "nombre": "Rolando",
          "apellido": "De Loredo",
          "email": "ro81@gmail.com",
          "telefono": "57473123",
          "contrasenia": "9813678",
          "idRol": 2,
          "administradores": [],
          "idRolNavigation": null,
          "medicos": [],
          "pacientes": []
        },
        {
          "idUsuario": 111,
          "dni": "654879",
          "nombre": "Maria",
          "apellido": "Ansaldi",
          "email": "ma@gmail.com",
          "telefono": "78552345",
          "contrasenia": "lala",
          "idRol": 2,
          "administradores": [],
          "idRolNavigation": null,
          "medicos": [],
          "pacientes": []
        }
      ]
    },
    {
      "idCategoria": 5,
      "nombre": "Neumonología",
      "medicos": [
        {
          "idUsuario": 999,
          "dni": "3335579",
          "nombre": "Williams",
          "apellido": "Maciel",
          "email": "wma@gmail.com",
          "telefono": "6954345",
          "contrasenia": "ojos",
          "idRol": 2,
          "administradores": [],
          "idRolNavigation": null,
          "medicos": [],
          "pacientes": []
        }
      ]
    },
    {
      "idCategoria": 6,
      "nombre": "Obstetricia",
      "medicos": [
        {
          "idUsuario": 13,
          "dni": "654811",
          "nombre": "Rodrigo",
          "apellido": "De Luciani",
          "email": "roDL@gmail.com",
          "telefono": "53123",
          "contrasenia": "rod",
          "idRol": 2,
          "administradores": [],
          "idRolNavigation": null,
          "medicos": [],
          "pacientes": []
        },
        {
          "idUsuario": 1212,
          "dni": "654879",
          "nombre": "Marizol",
          "apellido": "Antonelli",
          "email": "ma@gmail.com",
          "telefono": "77745",
          "contrasenia": "maru",
          "idRol": 2,
          "administradores": [],
          "idRolNavigation": null,
          "medicos": [],
          "pacientes": []
        }
      ]
    },
    {
      "idCategoria": 7,
      "nombre": "Dentista",
      "medicos": [
        {
          "idUsuario": 9898,
          "dni": "42666644",
          "nombre": "Gabriel",
          "apellido": "Ballesteros",
          "email": "gabo@gmail.com",
          "telefono": "156985123",
          "contrasenia": "gabo",
          "idRol": 2,
          "administradores": [],
          "idRolNavigation": null,
          "medicos": [],
          "pacientes": []
        },
        {
          "idUsuario": 369,
          "dni": "5488754879",
          "nombre": "Daniel",
          "apellido": "Lio",
          "email": "Dalio@gmail.com",
          "telefono": "78552345",
          "contrasenia": "dani",
          "idRol": 2,
          "administradores": [],
          "idRolNavigation": null,
          "medicos": [],
          "pacientes": []
        }
      ]
    },
    {
      "idCategoria": 8,
      "nombre": "Radiología",
      "medicos": [
        {
          "idUsuario": 7394,
          "dni": "1282342344",
          "nombre": "Carla",
          "apellido": "Moretti",
          "email": "car@gmail.com",
          "telefono": "688123",
          "contrasenia": "carlita",
          "idRol": 2,
          "administradores": [],
          "idRolNavigation": null,
          "medicos": [],
          "pacientes": []
        },
        {
          "idUsuario": 81,
          "dni": "65854879",
          "nombre": "Maria",
          "apellido": "Rocasalvo",
          "email": "ma@gmail.com",
          "telefono": "156882345",
          "contrasenia": "rocasalvo",
          "idRol": 2,
          "administradores": [],
          "idRolNavigation": null,
          "medicos": [],
          "pacientes": []
        }
      ]
    },
    {
      "idCategoria": 9,
      "nombre": "Clinica General",
      "medicos": [
        {
          "idUsuario": 23654,
          "dni": "1282342344",
          "nombre": "Rolando",
          "apellido": "De Loredo",
          "email": "ro81@gmail.com",
          "telefono": "57473123",
          "contrasenia": "9813678",
          "idRol": 2,
          "administradores": [],
          "idRolNavigation": null,
          "medicos": [],
          "pacientes": []
        },
        {
          "idUsuario": 77789,
          "dni": "9654879",
          "nombre": "Ramiro",
          "apellido": "Antonelli",
          "email": "rama@gmail.com",
          "telefono": "31362345",
          "contrasenia": "anto",
          "idRol": 2,
          "administradores": [],
          "idRolNavigation": null,
          "medicos": [],
          "pacientes": []
        }
      ]
    }
  ],
  "horarios": [
    {
      "idHorario": 1,
      "rango": "08:00-12:00",
      "medicos": []
    },
    {
      "idHorario": 2,
      "rango": "14:00-16:00",
      "medicos": []
    },
    {
      "idHorario": 3,
      "rango": "16:00-18:00",
      "medicos": []
    },
    {
      "idHorario": 4,
      "rango": "18:00-20:00",
      "medicos": []
    },
    {
      "idHorario": 5,
      "rango": "20:00-22:00",
      "medicos": []
    }
  ],
  "usuarios": [
    {
      "idUsuario": 1721020226162,
      "dni": "1021123245",
      "nombre": "Monica",
      "apellido": "Garcia",
      "email": "moni@gmail.com",
      "telefono": "3121234504",
      "contrasenia": "789",
      "idRol": 2,
      "administradores": [],
      "idRolNavigation": null,
      "medicos": [],
      "pacientes": []
    },
    {
      "idUsuario": 1721021946392,
      "dni": "1282342344",
      "nombre": "Ronaldinho",
      "apellido": "Castro",
      "email": "roni@gmail.com",
      "telefono": "3123123123",
      "contrasenia": "lop",
      "idRol": 2,
      "administradores": [],
      "idRolNavigation": null,
      "medicos": [],
      "pacientes": []
    },
    {
      "idUsuario": 1721077095050,
      "dni": "7546876877",
      "nombre": "Damian",
      "apellido": "De Luca",
      "email": "dl@gmail.com",
      "telefono": "15572345",
      "contrasenia": "1678",
      "idRol": 2,
      "administradores": [],
      "idRolNavigation": null,
      "medicos": [],
      "pacientes": []
    },
    {
      "idUsuario": 6858,
      "dni": "1021123245",
      "nombre": "Mario",
      "apellido": "Gonzalez",
      "email": "ma@gmail.com",
      "telefono": "3121234504",
      "contrasenia": "mario",
      "idRol": 2,
      "administradores": [],
      "idRolNavigation": null,
      "medicos": [],
      "pacientes": []
    },
    {
      "idUsuario": 99789,
      "dni": "1282342344",
      "nombre": "Leandro",
      "apellido": "Caceres",
      "email": "lean@gmail.com",
      "telefono": "3123123123",
      "contrasenia": "78",
      "idRol": 2,
      "administradores": [],
      "idRolNavigation": null,
      "medicos": [],
      "pacientes": []
    },
    {
      "idUsuario": 1414,
      "dni": "1282342344",
      "nombre": "Rosalia",
      "apellido": "Camaño",
      "email": "roca@gmail.com",
      "telefono": "78712383",
      "contrasenia": "987",
      "idRol": 2,
      "administradores": [],
      "idRolNavigation": null,
      "medicos": [],
      "pacientes": []
    },
    {
      "idUsuario": 686,
      "dni": "12127",
      "nombre": "Karina",
      "apellido": "Milei",
      "email": "dl@gmail.com",
      "telefono": "166645",
      "contrasenia": "12345678",
      "idRol": 2,
      "administradores": [],
      "idRolNavigation": null,
      "medicos": [],
      "pacientes": []
    },
    {
      "idUsuario": 23654,
      "dni": "1282342344",
      "nombre": "Rolando",
      "apellido": "De Loredo",
      "email": "ro81@gmail.com",
      "telefono": "57473123",
      "contrasenia": "9813678",
      "idRol": 2,
      "administradores": [],
      "idRolNavigation": null,
      "medicos": [],
      "pacientes": []
    },
    {
      "idUsuario": 111,
      "dni": "654879",
      "nombre": "Maria",
      "apellido": "Ansaldi",
      "email": "ma@gmail.com",
      "telefono": "78552345",
      "contrasenia": "lala",
      "idRol": 2,
      "administradores": [],
      "idRolNavigation": null,
      "medicos": [],
      "pacientes": []
    },
    {
      "idUsuario": 999,
      "dni": "3335579",
      "nombre": "Williams",
      "apellido": "Maciel",
      "email": "wma@gmail.com",
      "telefono": "6954345",
      "contrasenia": "ojos",
      "idRol": 2,
      "administradores": [],
      "idRolNavigation": null,
      "medicos": [],
      "pacientes": []
    },
    {
      "idUsuario": 13,
      "dni": "654811",
      "nombre": "Rodrigo",
      "apellido": "De Luciani",
      "email": "roDL@gmail.com",
      "telefono": "53123",
      "contrasenia": "rod",
      "idRol": 2,
      "administradores": [],
      "idRolNavigation": null,
      "medicos": [],
      "pacientes": []
    },
    {
      "idUsuario": 1212,
      "dni": "654879",
      "nombre": "Marizol",
      "apellido": "Antonelli",
      "email": "ma@gmail.com",
      "telefono": "77745",
      "contrasenia": "maru",
      "idRol": 2,
      "administradores": [],
      "idRolNavigation": null,
      "medicos": [],
      "pacientes": []
    },
    {
      "idUsuario": 9898,
      "dni": "42666644",
      "nombre": "Gabriel",
      "apellido": "Ballesteros",
      "email": "gabo@gmail.com",
      "telefono": "156985123",
      "contrasenia": "gabo",
      "idRol": 2,
      "administradores": [],
      "idRolNavigation": null,
      "medicos": [],
      "pacientes": []
    },
    {
      "idUsuario": 369,
      "dni": "5488754879",
      "nombre": "Daniel",
      "apellido": "Lio",
      "email": "Dalio@gmail.com",
      "telefono": "78552345",
      "contrasenia": "dani",
      "idRol": 2,
      "administradores": [],
      "idRolNavigation": null,
      "medicos": [],
      "pacientes": []
    },
    {
      "idUsuario": 7394,
      "dni": "1282342344",
      "nombre": "Carla",
      "apellido": "Moretti",
      "email": "car@gmail.com",
      "telefono": "688123",
      "contrasenia": "carlita",
      "idRol": 2,
      "administradores": [],
      "idRolNavigation": null,
      "medicos": [],
      "pacientes": []
    },
    {
      "idUsuario": 81,
      "dni": "65854879",
      "nombre": "Maria",
      "apellido": "Rocasalvo",
      "email": "ma@gmail.com",
      "telefono": "156882345",
      "contrasenia": "rocasalvo",
      "idRol": 2,
      "administradores": [],
      "idRolNavigation": null,
      "medicos": [],
      "pacientes": []
    },
    {
      "idUsuario": 23654,
      "dni": "1282342344",
      "nombre": "Rolando",
      "apellido": "De Loredo",
      "email": "ro81@gmail.com",
      "telefono": "57473123",
      "contrasenia": "9813678",
      "idRol": 2,
      "administradores": [],
      "idRolNavigation": null,
      "medicos": [],
      "pacientes": []
    },
    {
      "idUsuario": 77789,
      "dni": "9654879",
      "nombre": "Ramiro",
      "apellido": "Antonelli",
      "email": "rama@gmail.com",
      "telefono": "31362345",
      "contrasenia": "anto",
      "idRol": 2,
      "administradores": [],
      "idRolNavigation": null,
      "medicos": [],
      "pacientes": []
    },
    {
      "idUsuario": 951,
      "dni": "6542344",
      "nombre": "Liliana",
      "apellido": "DeVido",
      "email": "lili@gmail.com",
      "telefono": "57473123",
      "contrasenia": "luli",
      "idRol": 1,
      "administradores": [],
      "idRolNavigation": null,
      "medicos": [],
      "pacientes": []
    },
    {
      "idUsuario": 963,
      "dni": "1010879",
      "nombre": "Ramiro",
      "apellido": "Escalante",
      "email": "raes@gmail.com",
      "telefono": "554642345",
      "contrasenia": "raesca",
      "idRol": 1,
      "administradores": [],
      "idRolNavigation": null,
      "medicos": [],
      "pacientes": []
    },
    {
      "idUsuario": 932,
      "dni": "12824",
      "nombre": "Raul",
      "apellido": "Benitez",
      "email": "raulo@gmail.com",
      "telefono": "9898123",
      "contrasenia": "rael",
      "idRol": 1,
      "administradores": [],
      "idRolNavigation": null,
      "medicos": [],
      "pacientes": []
    },
    {
      "idUsuario": 8456,
      "dni": "9654879",
      "nombre": "Cecilia",
      "apellido": "Escalone",
      "email": "ce@gmail.com",
      "telefono": "31362345",
      "contrasenia": "ceci",
      "idRol": 1,
      "administradores": [],
      "idRolNavigation": null,
      "medicos": [],
      "pacientes": []
    },
    {
      "idUsuario": 9478,
      "dni": "787772344",
      "nombre": "Graciela",
      "apellido": "De Maria",
      "email": "gra@gmail.com",
      "telefono": "5963123",
      "contrasenia": "demaria",
      "idRol": 1,
      "administradores": [],
      "idRolNavigation": null,
      "medicos": [],
      "pacientes": []
    },
    {
      "idUsuario": 9538,
      "dni": "74179",
      "nombre": "Florencia",
      "apellido": "Antonini",
      "email": "flor@gmail.com",
      "telefono": "4521345",
      "contrasenia": "flopi",
      "idRol": 1,
      "administradores": [],
      "idRolNavigation": null,
      "medicos": [],
      "pacientes": []
    },
    {
      "idUsuario": 2568,
      "dni": "362142344",
      "nombre": "Gonzalo",
      "apellido": "De la Fuente",
      "email": "gdf@gmail.com",
      "telefono": "4473123",
      "contrasenia": "delafuente",
      "idRol": 1,
      "administradores": [],
      "idRolNavigation": null,
      "medicos": [],
      "pacientes": []
    },
    {
      "idUsuario": 2479,
      "dni": "6562157",
      "nombre": "Ramiro",
      "apellido": "Antonelli",
      "email": "rama@gmail.com",
      "telefono": "31362345",
      "contrasenia": "anto",
      "idRol": 1,
      "administradores": [],
      "idRolNavigation": null,
      "medicos": [],
      "pacientes": []
    },
    {
      "idUsuario": 23654,
      "dni": "1282342344",
      "nombre": "Rolando",
      "apellido": "DeLonardi",
      "email": "ro@gmail.com",
      "telefono": "57473123",
      "contrasenia": "369",
      "idRol": 1,
      "administradores": [],
      "idRolNavigation": null,
      "medicos": [],
      "pacientes": []
    },
    {
      "idUsuario": 77789,
      "dni": "9654879",
      "nombre": "Ramiro",
      "apellido": "Bonadeo",
      "email": "ramitagran@gmail.com",
      "telefono": "3652345",
      "contrasenia": "bona",
      "idRol": 1,
      "administradores": [],
      "idRolNavigation": null,
      "medicos": [],
      "pacientes": []
    },
    {
      "idUsuario": 42369,
      "dni": "325965",
      "nombre": "Brisa",
      "apellido": "Rodriguez",
      "email": "ro2001@gmail.com",
      "telefono": "47123",
      "contrasenia": "bri",
      "idRol": 1,
      "administradores": [],
      "idRolNavigation": null,
      "medicos": [],
      "pacientes": []
    },
    {
      "idUsuario": 75214,
      "dni": "9654879",
      "nombre": "Ramona",
      "apellido": "Salas",
      "email": "rasa@gmail.com",
      "telefono": "449662345",
      "contrasenia": "ramona",
      "idRol": 1,
      "administradores": [],
      "idRolNavigation": null,
      "medicos": [],
      "pacientes": []
    },
    {
      "idUsuario": 23654,
      "dni": "1282342344",
      "nombre": "Catalina",
      "apellido": "Marquez",
      "email": "cata@gmail.com",
      "telefono": "3454553",
      "contrasenia": "catamar",
      "idRol": 3,
      "administradores": [],
      "idRolNavigation": null,
      "medicos": [],
      "pacientes": []
    },
    {
      "idUsuario": 77789,
      "dni": "9654879",
      "nombre": "Sofia",
      "apellido": "Bringuetti",
      "email": "sofi@gmail.com",
      "telefono": "9842345",
      "contrasenia": "so",
      "idRol": 3,
      "administradores": [],
      "idRolNavigation": null,
      "medicos": [],
      "pacientes": []
    }
  ],
  "citas": [
    {
      "idCita": 1,
      "fecha": "2024-07-05",
      "hora": "10:00",
      "idPaciente": 963,
      "idMedico": 6858,
      "motivoConsulta": "Picazon en la piel"
    },
    {
      "idCita": 2,
      "fecha": "2024-07-06",
      "hora": "11:00",
      "idPaciente": 9478,
      "idMedico": 6858,
      "motivoConsulta": "Revisión de lunares en la piel"
    }
  ],
  "medicos": [
    { "idUsuario": 2, "idCategoria": 1, "idHorario": 1 },
    { "idUsuario": 3, "idCategoria": 2, "idHorario": 2 }
  ],
  "mensajes": [
    {
      "idMensaje": 1,
      "idEmisor": 23654,
      "IdReceptor": 77789,
      "contenido": "Hola, ¿cómo estás?",
      "datetime": "2024-07-13T12:00:00Z",
      "estado": "Enviado"
    },
    {
      "id": 2,
      "idEmisor": 77789,
      "IdReceptor": 23654,
      "contenido": "Estoy bien, gracias. ¿Y tú?",
      "datetime": "2024-07-13T12:01:00Z",
      "estado": "Recibido"
    }
  ]
}
